{
  "VOO": 0.278165,
  "VXUS": 0.785645,
  "BND": 0.916967,
  "QQQM": 0.151129,
  "SMH": 0.076774,
  "SCHD": 1.649254
}