{
  "VOO": 0.27863347357907836,
  "VXUS": 0.7859472608422617,
  "BND": 0.9176163530179113,
  "QQQM": 0.1511125488049938,
  "SMH": 0.07682791426864152,
  "SCHD": 1.649254
}